City_ID,City,Country,Date,Lat,Lng,Max Temp,Humidity,Cloudiness,Wind Speed
0,Norman Wells,CA,2021-09-25 07:45:57,65.282,-126.8329,33.84,93,90,10.36
1,Bengkulu,ID,2021-09-25 07:47:41,-3.8004,102.2655,82.58,77,88,4.76
2,Yellowknife,CA,2021-09-25 07:43:09,62.456,-114.3525,45.41,100,20,10.36
3,Punta Arenas,CL,2021-09-25 07:43:16,-53.15,-70.9167,37.51,87,0,9.22
4,Jimenez,MX,2021-09-25 07:47:41,28.3333,-105.4,71.42,59,77,4.25
5,Talnakh,RU,2021-09-25 07:47:42,69.4865,88.3972,40.17,52,92,0.4
6,Beroroha,MG,2021-09-25 07:47:42,-21.6667,45.1667,90.95,23,3,9.37
7,Husavik,IS,2021-09-25 07:47:43,66.0449,-17.3389,31.91,86,98,4.94
8,Bredasdorp,ZA,2021-09-25 07:47:43,-34.5322,20.0403,60.12,72,51,9.22
9,Mahibadhoo,MV,2021-09-25 07:47:43,3.7833,72.9667,82.69,74,99,18.72
10,Ushuaia,AR,2021-09-25 07:47:44,-54.8,-68.3,37.06,81,20,9.22
11,Cabo San Lucas,MX,2021-09-25 07:47:44,22.8909,-109.9124,83.52,80,4,9.13
12,Port Alfred,ZA,2021-09-25 07:47:45,-33.5906,26.891,71.13,55,82,11.32
13,Beringovskiy,RU,2021-09-25 07:46:18,63.05,179.3167,33.17,69,91,16.11
14,Cape Town,ZA,2021-09-25 07:46:22,-33.9258,18.4232,64.11,77,0,4.0
15,Araouane,ML,2021-09-25 07:47:45,18.9048,-3.5265,90.93,33,5,11.95
16,Zhoucheng,CN,2021-09-25 07:47:46,35.9122,116.3117,70.02,93,100,10.85
17,East London,ZA,2021-09-25 07:46:17,-33.0153,27.9116,68.94,52,0,5.75
18,Hermanus,ZA,2021-09-25 07:46:34,-34.4187,19.2345,62.91,61,57,7.09
19,Hobart,AU,2021-09-25 07:46:05,-42.8794,147.3294,47.05,68,40,1.99
20,Cockburn Town,TC,2021-09-25 07:47:47,21.4612,-71.1419,82.26,74,100,4.99
21,Comonfort,MX,2021-09-25 07:47:47,20.7167,-100.7667,59.29,95,75,5.03
22,Faanui,PF,2021-09-25 07:47:47,-16.4833,-151.75,77.49,70,16,6.17
23,Jamestown,US,2021-09-25 07:45:52,42.097,-79.2353,58.71,95,1,1.99
24,Vaini,TO,2021-09-25 07:46:10,-21.2,-175.2,69.96,83,40,10.36
25,Torbay,CA,2021-09-25 07:46:35,47.6666,-52.7314,46.38,86,90,3.44
26,Avarua,CK,2021-09-25 07:47:48,-21.2078,-159.775,75.25,57,33,9.22
27,Bethel,US,2021-09-25 07:47:49,41.3712,-73.414,58.5,92,1,0.0
28,Albany,US,2021-09-25 07:43:45,42.6001,-73.9662,52.45,93,0,1.99
29,Lebu,CL,2021-09-25 07:47:49,-37.6167,-73.65,51.64,94,32,9.64
30,Muros,ES,2021-09-25 07:46:16,42.7762,-9.0603,63.23,94,100,9.69
31,Ust-Kulom,RU,2021-09-25 07:47:50,61.6864,53.6902,45.75,93,100,8.41
32,Port Elizabeth,ZA,2021-09-25 07:46:03,-33.918,25.5701,75.09,63,0,10.36
33,Galesong,ID,2021-09-25 07:47:51,-5.3166,119.3661,87.82,66,24,13.82
34,Komsomolskiy,UZ,2021-09-25 07:47:51,40.4272,71.7189,83.12,18,0,2.3
35,Mercedes,AR,2021-09-25 07:47:51,-34.6515,-59.4307,50.85,96,0,6.87
36,Kapaa,US,2021-09-25 07:46:31,22.0752,-159.319,76.98,83,90,21.85
37,Thompson,CA,2021-09-25 07:41:35,55.7435,-97.8558,41.16,100,90,2.3
38,Busselton,AU,2021-09-25 07:46:06,-33.65,115.3333,64.09,70,100,10.96
39,Narsaq,GL,2021-09-25 07:47:52,60.9167,-46.05,32.22,42,0,6.67
40,Barrow,US,2021-09-25 07:47:53,71.2906,-156.7887,19.42,93,1,5.75
41,Kruisfontein,ZA,2021-09-25 07:47:53,-34.0033,24.7314,72.88,33,82,4.88
42,Xichang,CN,2021-09-25 07:47:54,27.8964,102.2634,81.21,54,11,7.4
43,Basna,IN,2021-09-25 07:47:54,21.2833,82.8167,88.72,61,35,4.61
44,Chuy,UY,2021-09-25 07:47:55,-33.6971,-53.4616,55.13,96,3,7.31
45,Qaanaaq,GL,2021-09-25 07:47:55,77.484,-69.3632,18.05,69,100,9.1
46,Puerto Ayora,EC,2021-09-25 07:46:16,-0.7393,-90.3518,68.85,91,67,5.7
47,Bilma,NE,2021-09-25 07:47:56,18.6853,12.9164,90.05,11,42,5.95
48,Arraial Do Cabo,BR,2021-09-25 07:46:19,-22.9661,-42.0278,69.21,79,100,22.41
49,Muli,MV,2021-09-25 07:47:56,2.9167,73.5667,83.01,78,100,19.37
50,Hami,CN,2021-09-25 07:47:57,42.8,93.45,71.17,21,0,8.48
51,Castro,BR,2021-09-25 07:46:33,-24.7911,-50.0119,54.28,92,97,5.55
52,Udachnyy,RU,2021-09-25 07:47:58,66.4167,112.4,44.62,54,29,6.62
53,Vila Velha,BR,2021-09-25 07:47:58,-20.3297,-40.2925,67.95,73,0,0.0
54,Caibarien,CU,2021-09-25 07:47:59,22.5206,-79.4669,72.72,85,30,5.1
55,Kaitangata,NZ,2021-09-25 07:46:27,-46.2817,169.8464,42.58,90,68,11.52
56,Half Moon Bay,US,2021-09-25 07:44:28,37.4636,-122.4286,64.71,89,90,3.0
57,Saint-Joseph,RE,2021-09-25 07:47:12,-21.3667,55.6167,77.38,77,40,14.2
58,Barbate,ES,2021-09-25 07:48:00,36.1924,-5.9219,66.58,73,0,5.53
59,Bambous Virieux,MU,2021-09-25 07:45:51,-20.3428,57.7575,77.22,64,40,14.97
60,Katsuura,JP,2021-09-25 07:46:21,35.1333,140.3,77.18,76,86,19.69
61,Mahebourg,MU,2021-09-25 07:48:00,-20.4081,57.7,77.25,64,40,14.97
62,Sao Sebastiao,BR,2021-09-25 07:48:01,-23.76,-45.4097,65.71,86,98,0.51
63,Kaeo,NZ,2021-09-25 07:48:02,-35.1,173.7833,57.33,79,4,5.61
64,Khatanga,RU,2021-09-25 07:46:26,71.9667,102.5,36.82,69,99,11.03
65,Rikitea,PF,2021-09-25 07:48:02,-23.1203,-134.9692,73.94,78,100,18.23
66,San Patricio,US,2021-09-25 07:48:03,28.017,-97.5169,77.83,64,1,4.94
67,Mazagao,BR,2021-09-25 07:48:03,-0.115,-51.2894,80.65,97,66,1.9
68,Puerto Escondido,MX,2021-09-25 07:48:04,15.85,-97.0667,77.63,87,100,5.35
69,Northam,GB,2021-09-25 07:48:04,51.0333,-4.2167,63.01,97,100,3.13
70,Kloulklubed,PW,2021-09-25 07:48:05,7.0419,134.2556,77.5,77,100,19.22
71,Ambilobe,MG,2021-09-25 07:48:05,-13.2,49.05,91.08,31,28,13.53
72,Mayumba,GA,2021-09-25 07:48:06,-3.432,10.6554,78.82,79,63,3.36
73,Saint-Philippe,RE,2021-09-25 07:45:48,-21.3585,55.7679,79.11,80,44,14.54
74,Amapa,BR,2021-09-25 07:48:06,1.0,-52.0,69.06,100,100,0.69
75,Fortuna,US,2021-09-25 07:48:07,40.5982,-124.1573,53.98,69,90,0.0
76,Longyearbyen,SJ,2021-09-25 07:48:07,78.2186,15.6401,39.29,96,100,5.61
77,New Norfolk,AU,2021-09-25 07:46:12,-42.7826,147.0587,46.71,60,44,1.99
78,Tuktoyaktuk,CA,2021-09-25 07:48:08,69.4541,-133.0374,34.12,97,100,24.61
79,Luan,CH,2021-09-25 07:48:08,46.3592,6.9759,63.05,73,75,1.01
80,Victoria,HK,2021-09-25 07:41:19,22.2855,114.1577,91.45,79,0,8.99
81,Georgetown,MY,2021-09-25 07:43:39,5.4112,100.3354,89.53,73,40,8.99
82,Sinnamary,GF,2021-09-25 07:46:28,5.3833,-52.95,78.75,86,100,6.17
83,Acapulco,MX,2021-09-25 07:44:01,16.8634,-99.8901,79.05,86,100,3.4
84,Butaritari,KI,2021-09-25 07:45:49,3.0707,172.7902,83.86,74,10,10.6
85,Cherskiy,RU,2021-09-25 07:48:10,68.75,161.3,33.8,98,100,14.88
86,Touros,BR,2021-09-25 07:47:41,-5.1989,-35.4608,74.3,85,15,12.08
87,Tuatapere,NZ,2021-09-25 07:48:10,-46.1333,167.6833,41.83,84,96,10.16
88,Bismarck,US,2021-09-25 07:48:11,46.8083,-100.7837,41.86,50,1,1.99
89,Coquimbo,CL,2021-09-25 07:48:11,-29.9533,-71.3436,55.13,87,40,6.91
90,Lompoc,US,2021-09-25 07:48:12,34.6391,-120.4579,57.52,96,90,0.0
91,Shimoni,KE,2021-09-25 07:48:12,-4.6476,39.3817,80.01,68,18,11.9
92,Tuljapur,IN,2021-09-25 07:48:13,18.0,76.0833,80.26,72,100,8.12
93,Oksfjord,NO,2021-09-25 07:48:13,70.2396,22.3479,49.12,90,100,7.56
94,Bocaiuva,BR,2021-09-25 07:48:13,-17.1078,-43.815,61.05,79,0,4.99
95,Faya,SA,2021-09-25 07:48:14,18.3851,42.4509,78.91,19,98,6.11
96,Necochea,AR,2021-09-25 07:48:14,-38.5473,-58.7368,48.04,93,0,10.78
97,Rizhao,CN,2021-09-25 07:48:15,35.4275,119.4553,73.27,82,100,15.52
98,Mataura,NZ,2021-09-25 07:48:15,-46.1927,168.8643,41.49,95,100,7.09
99,Nikolskoye,RU,2021-09-25 07:48:16,59.7035,30.7861,48.87,97,100,7.05
100,Provideniya,RU,2021-09-25 07:48:16,64.3833,-173.3,31.82,90,100,14.2
101,Moerai,PF,2021-09-25 07:48:16,-22.4333,-151.3333,71.87,63,84,1.9
102,Ponta Do Sol,PT,2021-09-25 07:48:17,32.6667,-17.1,69.71,68,20,2.66
103,Port Hedland,AU,2021-09-25 07:48:17,-20.3167,118.5667,84.25,39,3,16.11
104,Peredovaya,RU,2021-09-25 07:48:18,44.1172,41.4756,61.57,48,67,10.85
105,Puerto Lumbreras,ES,2021-09-25 07:48:18,37.5633,-1.8097,73.98,81,32,1.7
106,Codrington,AU,2021-09-25 07:48:18,-38.2667,141.9667,48.43,68,53,8.97
107,Sa Kaeo,TH,2021-09-25 07:48:19,13.75,102.3333,77.05,92,100,5.66
108,Tasiilaq,GL,2021-09-25 07:46:04,65.6145,-37.6368,27.55,59,100,8.66
109,Bathsheba,BB,2021-09-25 07:48:20,13.2167,-59.5167,81.21,83,20,8.05
110,Lavumisa,SZ,2021-09-25 07:48:20,-27.31,31.892,81.09,42,3,6.44
111,Karatau,KZ,2021-09-25 07:48:21,43.1667,70.4667,72.46,15,0,6.53
112,Athmallik,IN,2021-09-25 07:48:21,20.7219,84.5348,89.22,65,79,2.35
113,Haines Junction,CA,2021-09-25 07:48:22,60.7522,-137.5108,28.35,86,50,2.3
114,Priiskovyy,RU,2021-09-25 07:48:22,51.9333,116.6333,60.66,56,65,4.07
115,Benghazi,LY,2021-09-25 07:48:23,32.1167,20.0667,74.14,58,39,4.74
116,Carnarvon,AU,2021-09-25 07:46:21,-24.8667,113.6333,71.67,56,0,17.27
117,Pangody,RU,2021-09-25 07:48:23,65.85,74.4859,42.06,54,6,11.54
118,Neman,RU,2021-09-25 07:48:24,55.0311,22.0264,60.58,81,88,19.17
119,Dali,CN,2021-09-25 07:48:24,25.7,100.1833,73.6,61,21,4.36
120,Camopi,GF,2021-09-25 07:48:24,3.1655,-52.3158,72.03,100,100,1.32
121,Upernavik,GL,2021-09-25 07:46:02,72.7868,-56.1549,21.07,84,33,5.21
122,Okhotsk,RU,2021-09-25 07:48:25,59.3833,143.3,51.35,65,4,7.29
123,Dunedin,NZ,2021-09-25 07:48:25,-45.8742,170.5036,48.79,68,1,5.99
124,Ribeira Grande,PT,2021-09-25 07:48:26,38.5167,-28.7,70.2,88,75,24.16
125,Bijie,CN,2021-09-25 07:48:26,27.3125,105.2942,76.93,64,27,17.54
126,Nacala,MZ,2021-09-25 07:48:26,-14.5428,40.6728,83.52,61,75,11.5
127,Pitea,SE,2021-09-25 07:48:27,65.3172,21.4794,46.49,94,100,5.19
128,Aswan,EG,2021-09-25 07:48:27,24.0934,32.907,90.86,25,5,16.64
129,Manaure,CO,2021-09-25 07:48:28,11.7751,-72.4445,82.49,76,93,13.11
130,Davila,PH,2021-09-25 07:48:28,18.4726,120.5763,93.18,76,42,22.75
131,Kautokeino,NO,2021-09-25 07:48:28,69.0125,23.0412,40.77,97,100,13.24
132,Eidsvag,NO,2021-09-25 07:48:29,62.7767,8.0668,48.85,95,100,4.59
133,Berlevag,NO,2021-09-25 07:48:29,70.8578,29.0864,46.81,88,100,10.67
134,Fort-Shevchenko,KZ,2021-09-25 07:48:30,44.5086,50.263,61.02,62,100,11.23
135,Oistins,BB,2021-09-25 07:48:30,13.0667,-59.5333,80.69,83,20,8.05
136,Palora,EC,2021-09-25 07:48:30,-1.7,-77.9333,64.17,76,100,1.77
137,Atuona,PF,2021-09-25 07:46:09,-9.8,-139.0333,78.1,77,62,18.5
138,Puerto Carreno,CO,2021-09-25 07:45:35,6.189,-67.4859,73.92,95,100,3.76
139,Makakilo City,US,2021-09-25 07:48:31,21.3469,-158.0858,77.32,81,75,4.61
140,Tomatlan,MX,2021-09-25 07:48:31,19.9333,-105.25,74.89,95,89,3.15
141,Hamilton,US,2021-09-25 07:45:56,39.1834,-84.5333,59.99,85,20,0.0
142,Beruwala,LK,2021-09-25 07:48:32,6.4788,79.9828,83.23,77,100,11.86
143,Kidal,ML,2021-09-25 07:48:32,18.4411,1.4078,93.96,13,4,8.7
144,Puerto Leguizamo,CO,2021-09-25 07:48:33,-0.1934,-74.7819,69.85,94,100,2.71
145,Bluff,NZ,2021-09-25 07:46:33,-46.6,168.3333,41.81,70,95,24.7
146,Kutum,SD,2021-09-25 07:48:33,14.2,24.6667,83.73,17,100,13.62
147,Sorland,NO,2021-09-25 07:48:34,67.667,12.6934,48.96,74,100,12.8
148,Mogadishu,SO,2021-09-25 07:48:34,2.0371,45.3438,84.07,84,75,14.97
149,Esperance,AU,2021-09-25 07:48:35,-33.8667,121.9,62.44,60,100,21.36
150,Tessalit,ML,2021-09-25 07:48:35,20.1986,1.0114,92.73,8,6,21.36
151,Bud,US,2021-09-25 07:48:36,39.447,-86.1758,62.58,79,100,10.71
152,Moba,CN,2021-09-25 07:48:36,33.2288,105.0179,60.31,96,100,5.88
153,Chumikan,RU,2021-09-25 07:48:36,54.7183,135.315,62.29,61,100,12.93
154,Ahuimanu,US,2021-09-25 07:48:37,21.4447,-157.8378,78.51,76,75,13.8
155,Ilulissat,GL,2021-09-25 07:48:37,69.2167,-51.1,24.82,54,75,9.22
156,Gornopravdinsk,RU,2021-09-25 07:48:38,60.05,69.9,44.46,51,87,7.83
157,Isangel,VU,2021-09-25 07:48:39,-19.55,169.2667,70.97,73,100,8.01
158,Sibu,MY,2021-09-25 07:48:40,2.3,111.8167,82.71,83,40,16.11
159,Pevek,RU,2021-09-25 07:46:34,69.7008,170.3133,28.27,95,100,15.26
160,Chokurdakh,RU,2021-09-25 07:46:20,70.6333,147.9167,32.47,97,100,16.11
161,Banjar,ID,2021-09-25 07:48:41,-8.19,114.9675,82.26,82,50,2.77
162,Ancud,CL,2021-09-25 07:46:37,-41.8697,-73.8203,51.42,88,100,16.87
163,Nanga Eboko,CM,2021-09-25 07:48:41,4.6833,12.3667,74.71,77,97,2.15
164,Taoudenni,ML,2021-09-25 07:48:41,22.6783,-3.9836,94.86,16,99,6.04
165,Rio Grande,BR,2021-09-25 07:48:42,-32.035,-52.0986,58.95,92,100,10.45
166,Souillac,MU,2021-09-25 07:48:42,-20.5167,57.5167,77.36,64,40,14.97
167,Hilo,US,2021-09-25 07:48:43,19.7297,-155.09,73.8,85,75,4.61
168,Riyadh,SA,2021-09-25 07:48:34,24.6877,46.7219,96.94,10,10,12.08
169,Flinders,AU,2021-09-25 07:48:43,-34.5833,150.8552,57.18,70,100,4.0
170,Rajampet,IN,2021-09-25 07:48:44,14.1833,79.1667,91.38,39,99,10.58
171,Kavaratti,IN,2021-09-25 07:48:44,10.5669,72.642,81.81,78,93,14.72
172,Chapais,CA,2021-09-25 07:48:44,49.7834,-74.8492,47.98,89,91,8.77
173,Tsabong,BW,2021-09-25 07:48:45,-26.0217,22.401,87.44,14,26,15.46
174,Aginskoye,RU,2021-09-25 07:48:45,51.1,114.53,63.19,62,89,17.72
175,Baie-Comeau,CA,2021-09-25 07:48:46,49.2168,-68.1489,60.8,100,90,12.66
176,Astaneh-Ye Ashrafiyeh,IR,2021-09-25 07:48:46,37.2596,49.9444,67.93,88,99,8.14
177,Khasan,RU,2021-09-25 07:48:46,42.4308,130.6434,64.87,85,100,9.57
178,Tahoua,NE,2021-09-25 07:48:47,14.8888,5.2692,78.78,73,0,9.22
179,Itarema,BR,2021-09-25 07:48:47,-2.9248,-39.9167,77.9,79,25,15.64
180,Lata,PT,2021-09-25 07:48:48,40.1629,-8.3327,62.08,91,79,5.21
181,Verkhoyansk,RU,2021-09-25 07:48:48,67.5447,133.385,40.71,61,97,4.05
182,Gilbues,BR,2021-09-25 07:48:49,-9.8317,-45.3439,72.5,65,34,5.61
183,Awbari,LY,2021-09-25 07:48:49,26.5921,12.7805,85.69,31,0,10.4
184,Gazanjyk,TM,2021-09-25 07:48:49,39.2446,55.5154,86.81,38,0,15.21
185,Gorontalo,ID,2021-09-25 07:48:50,0.5412,123.0595,83.95,73,99,3.74
186,Eirunepe,BR,2021-09-25 07:48:50,-6.6603,-69.8736,70.57,99,100,2.21
187,Sao Mateus Do Sul,BR,2021-09-25 07:48:51,-25.8742,-50.3828,56.19,88,100,2.71
188,Quito,EC,2021-09-25 07:47:02,-0.2299,-78.5249,47.41,72,89,4.12
189,Toritama,BR,2021-09-25 07:48:52,-8.0067,-36.0567,69.76,87,80,5.48
190,Cidreira,BR,2021-09-25 07:46:00,-30.1811,-50.2056,57.13,91,1,3.78
191,Alyangula,AU,2021-09-25 07:48:53,-13.8483,136.4192,85.87,48,40,10.36
192,Puerto Del Rosario,ES,2021-09-25 07:48:53,28.5004,-13.8627,69.55,78,20,8.05
193,Hasaki,JP,2021-09-25 07:45:59,35.7333,140.8333,72.28,66,89,20.13
194,Tikrit,IQ,2021-09-25 07:48:54,34.6071,43.6782,88.63,26,0,9.15
195,Pangai,TO,2021-09-25 07:48:55,-19.8,-174.35,72.57,62,0,14.83
196,Nantucket,US,2021-09-25 07:48:55,41.2835,-70.0995,68.14,94,100,8.08
197,Tripoli,LY,2021-09-25 07:48:55,32.8752,13.1875,83.77,54,0,8.52
198,Catamarca,AR,2021-09-25 07:48:56,-28.4696,-65.7852,60.51,42,0,10.27
199,Saldanha,ZA,2021-09-25 07:48:56,-33.0117,17.9442,53.65,68,47,6.76
200,Omboue,GA,2021-09-25 07:48:57,-1.5746,9.2618,79.97,77,100,5.1
201,Nizhniy Kuranakh,RU,2021-09-25 07:48:57,58.8353,125.4869,42.78,70,100,4.09
202,Mahon,ES,2021-09-25 07:48:58,39.8885,4.2658,75.76,94,40,5.75
203,Ayia Galini,GR,2021-09-25 07:48:58,35.1,24.6833,80.74,32,0,2.17
204,Isla Vista,US,2021-09-25 07:48:58,34.4133,-119.861,74.12,62,90,4.61
205,Sao Jose Da Coroa Grande,BR,2021-09-25 07:48:59,-8.8978,-35.1478,74.57,86,53,8.84
206,Kysyl-Syr,RU,2021-09-25 07:48:59,63.8986,122.7617,43.86,53,97,7.65
207,Las Vegas,US,2021-09-25 07:47:18,36.175,-115.1372,82.09,22,1,4.61
208,Caravelas,BR,2021-09-25 07:45:57,-17.7125,-39.2481,71.08,60,98,7.81
209,Neuquen,AR,2021-09-25 07:49:00,-38.9516,-68.0591,66.09,48,0,0.0
210,Nizhnyaya Salda,RU,2021-09-25 07:49:01,58.0776,60.7202,56.97,41,84,9.44
211,Aloleng,PH,2021-09-25 07:49:01,16.1307,119.7824,85.12,69,10,8.3
212,Dikson,RU,2021-09-25 07:49:02,73.5069,80.5464,36.64,88,100,20.04
213,Karratha,AU,2021-09-25 07:49:03,-20.7377,116.8463,82.36,36,7,22.15
214,Taltal,CL,2021-09-25 07:49:03,-25.4,-70.4833,56.97,76,32,2.01
215,Prince Rupert,CA,2021-09-25 07:45:09,54.3161,-130.3201,51.89,93,90,2.3
216,Paamiut,GL,2021-09-25 07:49:03,61.994,-49.6678,32.36,52,0,18.5
217,Skjervoy,NO,2021-09-25 07:49:04,70.0311,20.9714,46.49,84,100,12.95
218,Camacha,PT,2021-09-25 07:49:05,33.0833,-16.3333,63.82,77,20,0.0
219,Bedesa,ET,2021-09-25 07:49:05,8.9,40.7833,69.64,68,51,8.93
220,Santa Cruz De La Palma,ES,2021-09-25 07:49:06,28.6835,-17.7642,70.14,68,20,8.05
221,Iroquois Falls,CA,2021-09-25 07:49:06,48.7669,-80.6831,44.74,97,15,7.34
222,Gualeguay,AR,2021-09-25 07:49:07,-33.1416,-59.3097,48.24,96,1,6.58
223,Misratah,LY,2021-09-25 07:49:07,32.3754,15.0925,79.0,65,0,12.3
224,Cap Malheureux,MU,2021-09-25 07:49:08,-19.9842,57.6142,77.47,61,6,11.99
225,Vaitape,PF,2021-09-25 07:49:08,-16.5167,-151.75,77.52,70,16,6.04
226,Kodiak,US,2021-09-25 07:45:53,57.79,-152.4072,38.77,54,2,6.93
227,Tezu,IN,2021-09-25 07:49:08,27.9167,96.1667,95.36,44,5,3.47
228,Barra Do Garcas,BR,2021-09-25 07:49:09,-15.89,-52.2567,75.54,42,4,3.58
229,Lavrentiya,RU,2021-09-25 07:46:14,65.5833,-171.0,32.23,86,100,22.53
230,Mar Del Plata,AR,2021-09-25 07:46:01,-38.0023,-57.5575,50.13,63,0,3.0
231,Bisira,PA,2021-09-25 07:49:10,8.5196,-81.7115,58.84,94,100,3.38
232,Mount Pleasant,US,2021-09-25 07:49:10,32.7941,-79.8626,61.99,86,1,0.0
233,Airai,TL,2021-09-25 07:49:11,-8.9266,125.4092,66.58,68,100,2.46
234,Kirkland Lake,CA,2021-09-25 07:49:11,48.1446,-80.0377,47.23,93,97,7.67
235,Copiapo,CL,2021-09-25 07:49:12,-27.3667,-70.3333,51.49,69,0,1.07
236,Diffa,NE,2021-09-25 07:49:12,13.3154,12.6113,89.55,20,65,4.27
237,Bagdarin,RU,2021-09-25 07:49:13,54.4333,113.6,41.25,98,100,4.65
238,Roma,US,2021-09-25 07:49:13,43.2128,-75.4557,53.46,94,1,3.44
239,Safford,US,2021-09-25 07:45:34,32.834,-109.7076,74.32,46,40,5.75
240,Hithadhoo,MV,2021-09-25 07:45:58,-0.6,73.0833,83.37,71,100,12.03
241,Severo-Kurilsk,RU,2021-09-25 07:49:14,50.6789,156.125,47.73,91,100,25.57
242,Banfora,BF,2021-09-25 07:49:14,10.6333,-4.7667,75.72,83,97,2.66
243,Taksimo,RU,2021-09-25 07:49:15,56.3444,114.8794,44.22,86,100,2.77
244,Aykhal,RU,2021-09-25 07:49:15,66.0,111.5,42.8,58,76,6.4
245,Virginia Beach,US,2021-09-25 07:48:24,36.8529,-75.978,70.02,80,75,3.44
246,Nishihara,JP,2021-09-25 07:49:16,26.1842,127.7558,85.66,84,75,12.66
247,Garden City,US,2021-09-25 07:49:16,42.3256,-83.331,62.94,75,90,10.36
248,Burns Lake,CA,2021-09-25 07:49:17,54.2331,-125.7533,47.62,83,100,3.24
249,Chipinge,ZW,2021-09-25 07:49:17,-20.1883,32.6236,76.86,25,0,6.82
250,Kazachinskoye,RU,2021-09-25 07:49:17,57.6953,93.2761,41.81,79,100,5.73
251,Bowen,AU,2021-09-25 07:49:18,-20.0167,148.2333,75.42,71,0,13.96
252,Falmouth,GB,2021-09-25 07:49:18,50.1544,-5.0711,63.79,100,75,3.44
253,Vao,NC,2021-09-25 07:49:18,-22.6667,167.4833,67.96,66,6,11.95
254,Yerofey Pavlovich,RU,2021-09-25 07:49:19,53.9667,121.9667,59.0,57,60,2.24
255,Egvekinot,RU,2021-09-25 07:49:19,66.3167,-179.1667,19.08,78,22,8.3
256,Orlik,RU,2021-09-25 07:49:20,52.5178,99.825,37.53,66,100,4.7
257,Viedma,AR,2021-09-25 07:49:20,-40.8135,-62.9967,56.35,74,4,20.58
258,Milove,UA,2021-09-25 07:49:20,49.3787,40.1302,52.47,85,99,3.06
259,North Bend,US,2021-09-25 07:49:21,43.4065,-124.2243,56.86,97,1,5.75
260,Aljezur,PT,2021-09-25 07:49:21,37.3191,-8.8033,67.77,83,8,6.51
261,Konanur,IN,2021-09-25 07:49:22,12.6264,76.0542,82.04,59,66,10.2
262,Leningradskiy,RU,2021-09-25 07:46:06,69.3833,178.4167,17.29,80,44,6.64
263,Shchigry,RU,2021-09-25 07:49:22,51.8755,36.9043,51.62,74,63,9.53
264,Lagoa,PT,2021-09-25 07:49:23,39.05,-27.9833,69.76,87,100,23.35
265,Rantepao,ID,2021-09-25 07:49:23,-2.9701,119.8978,76.59,81,85,2.37
266,Axim,GH,2021-09-25 07:49:23,4.8699,-2.2405,78.17,87,94,8.05
267,Milkovo,RU,2021-09-25 07:49:24,54.7167,158.6167,45.95,74,10,2.37
268,Brigantine,US,2021-09-25 07:44:38,39.4101,-74.3646,64.0,87,1,0.0
269,Mutis,CO,2021-09-25 07:49:24,6.2262,-77.4044,77.83,85,100,3.27
270,Geraldton,AU,2021-09-25 07:46:23,-28.7667,114.6,70.21,56,40,14.97
271,Barcelona,ES,2021-09-25 07:48:45,41.3888,2.159,76.32,80,20,3.0
272,Jamame,SO,2021-09-25 07:49:25,0.0722,42.7506,85.8,58,99,14.56
273,Hofn,IS,2021-09-25 07:49:26,64.2539,-15.2082,39.02,62,100,14.32
274,Saint Austell,GB,2021-09-25 07:49:26,50.3383,-4.7658,63.45,94,75,4.61
275,Saraland,US,2021-09-25 07:49:26,30.8207,-88.0706,60.82,84,9,4.23
276,Alofi,NU,2021-09-25 07:49:27,-19.0595,-169.9187,73.29,73,99,11.5
277,Maine-Soroa,NE,2021-09-25 07:49:27,13.2114,12.0241,88.39,23,30,3.87
278,Eyl,SO,2021-09-25 07:49:28,7.9803,49.8164,89.62,47,83,19.71
279,Asfi,MA,2021-09-25 07:49:28,32.2994,-9.2372,67.26,75,0,6.89
280,Saint George,US,2021-09-25 07:49:28,37.1041,-113.5841,76.35,24,1,3.0
281,Sorong,ID,2021-09-25 07:46:20,-0.8833,131.25,82.85,78,25,2.8
282,Kahului,US,2021-09-25 07:49:29,20.8947,-156.47,77.85,80,75,9.22
283,Bojnice,SK,2021-09-25 07:49:29,48.7851,18.5864,64.99,68,18,3.24
284,Kavieng,PG,2021-09-25 07:46:13,-2.5744,150.7967,82.85,74,34,11.3
285,Midland,US,2021-09-25 07:48:38,31.9974,-102.0779,67.68,53,1,0.0
286,Bonnyville,CA,2021-09-25 07:49:30,54.2668,-110.735,53.4,68,100,6.26
287,Cordele,US,2021-09-25 07:49:30,31.9635,-83.7824,62.15,94,1,0.0
288,Tiksi,RU,2021-09-25 07:45:53,71.6872,128.8694,34.27,84,100,21.03
289,Laguna,US,2021-09-25 07:49:31,38.421,-121.4238,76.23,60,1,1.99
290,Elizabeth City,US,2021-09-25 07:49:31,36.2946,-76.2511,70.02,88,75,6.91
291,Rosh Pinna,IL,2021-09-25 07:49:32,32.9689,35.5426,78.6,46,0,3.44
292,Bossier City,US,2021-09-25 07:48:31,32.516,-93.7321,64.89,76,1,4.61
293,Broken Hill,AU,2021-09-25 07:49:33,-31.95,141.4333,62.31,31,2,10.36
294,Pisco,PE,2021-09-25 07:46:05,-13.7,-76.2167,59.05,88,10,8.05
295,Sao Joao Da Barra,BR,2021-09-25 07:49:33,-21.6403,-41.0511,69.53,72,100,17.45
296,Asau,RO,2021-09-25 07:49:34,46.4333,26.4,62.96,48,15,4.59
297,Saint Anthony,US,2021-09-25 07:46:09,45.0205,-93.218,49.15,73,1,3.0
298,High Level,CA,2021-09-25 07:44:55,58.5169,-117.136,39.31,100,20,0.0
299,Xuanhua,CN,2021-09-25 07:49:34,40.6103,115.0447,66.85,69,100,11.59
300,Kununurra,AU,2021-09-25 07:43:28,-15.7667,128.7333,96.78,11,74,6.91
301,Clyde River,CA,2021-09-25 07:49:35,70.4692,-68.5914,25.38,74,100,3.0
302,Morondava,MG,2021-09-25 07:49:35,-20.2833,44.2833,81.7,56,0,8.79
303,Ouadda,CF,2021-09-25 07:49:36,8.0777,22.4007,77.07,76,98,3.13
304,Nabire,ID,2021-09-25 07:49:36,-3.3667,135.4833,83.23,73,95,2.33
305,Stokmarknes,NO,2021-09-25 07:49:37,68.5646,14.9108,48.49,88,100,3.85
306,Saskylakh,RU,2021-09-25 07:49:37,71.9167,114.0833,34.52,86,100,15.9
307,Saint-Louis,SN,2021-09-25 07:49:37,16.3333,-15.0,78.44,48,83,7.23
308,Pacific Grove,US,2021-09-25 07:49:10,36.6177,-121.9166,60.76,93,90,3.0
309,Warrnambool,AU,2021-09-25 07:49:38,-38.3833,142.4833,49.26,63,68,11.34
310,Yulara,AU,2021-09-25 07:49:38,-25.2406,130.9889,85.84,6,33,10.36
311,Nerchinskiy Zavod,RU,2021-09-25 07:49:39,51.3088,119.61,60.67,51,23,2.08
312,Beyneu,KZ,2021-09-25 07:49:39,45.3167,55.2,71.49,41,4,12.26
313,Sambava,MG,2021-09-25 07:49:40,-14.2667,50.1667,75.02,82,38,14.43
314,Edgewater,US,2021-09-25 07:49:40,28.9889,-80.9023,78.03,75,0,6.96
315,Troitskoye,RU,2021-09-25 07:49:40,52.9821,84.6757,47.28,52,100,14.56
316,Sawtell,AU,2021-09-25 07:49:41,-30.3833,153.1,71.92,65,43,6.91
317,Pinega,RU,2021-09-25 07:49:41,64.7001,43.3936,48.15,90,100,7.36
318,Skhisma,GR,2021-09-25 07:49:41,35.2667,25.7167,78.67,53,0,6.93
319,Abalak,RU,2021-09-25 07:49:42,58.1286,68.5944,50.25,50,4,8.19
320,Ostrovnoy,RU,2021-09-25 07:46:02,68.0531,39.5131,47.32,91,100,14.16
321,Chicama,PE,2021-09-25 07:49:42,-7.8447,-79.1469,63.55,85,50,4.99
322,Mweka,CD,2021-09-25 07:49:43,-4.85,21.5667,85.87,48,50,0.78
323,Luderitz,NA,2021-09-25 07:49:43,-26.6481,15.1594,67.59,52,12,12.66
324,Colac,AU,2021-09-25 07:49:43,-38.3333,143.5833,49.15,63,78,7.49
325,Calmar,CA,2021-09-25 07:49:44,53.2668,-113.8187,55.72,84,75,4.61
326,Urumqi,CN,2021-09-25 07:46:05,43.801,87.6005,58.15,29,0,6.71
327,Vicuna,CL,2021-09-25 07:45:18,-30.0319,-70.7081,47.93,47,0,1.57
328,Key West,US,2021-09-25 07:48:08,24.5557,-81.7826,82.4,76,1,0.0
329,Waitati,NZ,2021-09-25 07:49:45,-45.75,170.5667,48.79,68,2,9.46
330,Takoradi,GH,2021-09-25 07:49:45,4.8845,-1.7554,78.66,84,88,7.81
331,Shimoda,JP,2021-09-25 07:49:46,34.6667,138.95,75.56,82,25,17.25
332,Songling,CN,2021-09-25 07:49:46,31.1933,120.7176,84.18,61,100,11.43
333,Concordia,AR,2021-09-25 07:49:46,-31.393,-58.0209,52.79,88,0,1.99
334,Kirkenaer,NO,2021-09-25 07:49:47,60.4564,12.0582,52.45,62,4,4.41
335,Gewane,ET,2021-09-25 07:49:47,10.1664,40.6453,91.06,35,77,8.57
336,Xinqing,CN,2021-09-25 07:49:48,48.2333,129.5,59.99,67,100,1.14
337,Iqaluit,CA,2021-09-25 07:46:40,63.7506,-68.5145,24.53,85,20,0.0
338,Serdobsk,RU,2021-09-25 07:49:48,52.4586,44.2169,57.06,57,58,5.41
339,Tulum,MX,2021-09-25 07:45:52,20.2167,-87.4667,76.96,89,91,3.15
340,Blairmore,CA,2021-09-25 07:49:49,49.6,-114.4353,62.47,51,100,9.22
341,Pasighat,IN,2021-09-25 07:49:49,28.0667,95.3333,91.17,58,8,3.2
342,Paddhari,IN,2021-09-25 07:49:49,22.4333,70.6,88.57,59,65,11.27
343,Lulea,SE,2021-09-25 07:49:50,65.5842,22.1547,46.47,100,90,4.61
344,Alta Floresta,BR,2021-09-25 07:49:50,-9.8756,-56.0861,73.2,67,18,2.48
345,Joao Camara,BR,2021-09-25 07:49:51,-5.5375,-35.8197,72.64,95,21,10.89
346,Aripuana,BR,2021-09-25 07:49:51,-9.1667,-60.6333,69.62,89,19,1.97
347,Chulman,RU,2021-09-25 07:45:55,56.8479,124.9104,45.5,71,100,2.35
348,Chapleau,CA,2021-09-25 07:49:51,47.8405,-83.4034,54.05,82,100,13.65
349,Am Timan,TD,2021-09-25 07:49:52,11.0297,20.2827,80.76,77,100,6.24
350,Chupaca,PE,2021-09-25 07:49:52,-12.0667,-75.2833,50.81,71,100,2.28
351,Sosnovka,RU,2021-09-25 07:49:53,56.255,51.2842,44.33,89,100,5.97
352,Kitimat,CA,2021-09-25 07:45:09,54.0524,-128.6534,53.98,31,100,3.67
353,Rawson,AR,2021-09-25 07:49:53,-43.3002,-65.1023,63.48,51,10,28.99
354,Klaksvik,FO,2021-09-25 07:49:54,62.2266,-6.589,49.12,89,100,18.28
355,Mafinga,TZ,2021-09-25 07:49:54,-7.25,35.0667,81.68,33,0,7.27
356,Byron Bay,AU,2021-09-25 07:49:55,-28.65,153.6167,77.11,80,5,9.89
357,Tautira,PF,2021-09-25 07:49:55,-17.7333,-149.15,78.82,69,33,3.11
358,Filadelfia,US,2021-09-25 07:46:51,39.9523,-75.1638,57.09,90,1,0.0
359,Baiyin,CN,2021-09-25 07:49:56,36.5583,104.2081,74.28,45,66,7.18
360,Broome,US,2021-09-25 07:49:56,42.2506,-75.833,52.56,78,1,3.44
361,Acajutla,SV,2021-09-25 07:49:56,13.5928,-89.8275,77.81,83,76,5.41
362,Lorengau,PG,2021-09-25 07:49:57,-2.0226,147.2712,82.9,75,12,9.06
363,Rorvik,NO,2021-09-25 07:49:57,64.8621,11.2373,50.11,76,40,10.36
364,Whitecourt,CA,2021-09-25 07:45:09,54.1502,-115.6855,52.48,75,100,3.51
365,San Francisco,US,2021-09-25 07:48:38,37.7749,-122.4194,65.95,91,20,3.0
366,Zelenoborsk,RU,2021-09-25 07:49:58,61.4669,64.0333,47.88,53,82,8.72
367,Saiha,IN,2021-09-25 07:49:58,22.4833,92.9667,84.96,69,86,1.54
368,Nanning,CN,2021-09-25 07:47:27,22.8167,108.3167,90.05,68,84,7.92
369,San Quintin,MX,2021-09-25 07:49:59,30.4833,-115.95,67.78,83,9,6.04
370,Batemans Bay,AU,2021-09-25 07:50:00,-35.7167,150.1833,54.91,78,100,2.8
371,Invermere,CA,2021-09-25 07:50:00,50.5167,-116.0354,53.85,79,40,3.36
372,Pundaguitan,PH,2021-09-25 07:50:00,6.3711,126.1689,83.07,77,98,18.32
373,Taga,RO,2021-09-25 07:50:01,46.95,24.05,59.32,66,6,3.62
374,Lazaro Cardenas,MX,2021-09-25 07:50:01,17.9583,-102.2,77.49,86,100,3.11
375,Kenora,CA,2021-09-25 07:50:02,49.8167,-94.4337,49.98,87,90,6.91
376,Cognac,FR,2021-09-25 07:50:03,45.5,-0.25,64.04,82,72,3.44
377,Qaqortoq,GL,2021-09-25 07:50:03,60.7167,-46.0333,34.74,46,0,6.67
378,Vanimo,PG,2021-09-25 07:50:04,-2.6741,141.3028,82.83,77,50,8.32
379,Namibe,AO,2021-09-25 07:50:04,-15.1961,12.1522,70.14,76,20,5.03
380,Sembakung,ID,2021-09-25 07:50:05,3.8167,117.25,84.13,90,92,2.28
381,Erdaojiang,CN,2021-09-25 07:50:05,41.7764,126.0319,59.32,98,100,2.33
382,Vagur,FO,2021-09-25 07:50:05,61.4732,-6.8119,49.17,95,100,19.17
383,Atkinson,US,2021-09-25 07:50:06,42.8384,-71.147,65.07,88,75,0.0
384,Guerrero Negro,MX,2021-09-25 07:47:11,27.9769,-114.0611,70.57,79,100,10.67
385,Trenggalek,ID,2021-09-25 07:50:06,-8.05,111.7167,80.26,81,97,7.14
386,Nara,JP,2021-09-25 07:48:46,34.6851,135.8049,83.57,70,92,7.94
387,Juventino Rosas,MX,2021-09-25 07:50:07,20.65,-101.0,59.76,95,75,6.42
388,Belomorsk,RU,2021-09-25 07:50:07,64.5232,34.7668,48.13,80,84,10.78
389,Abrau-Dyurso,RU,2021-09-25 07:50:08,44.69,37.59,62.06,64,31,14.83
390,Te Anau,NZ,2021-09-25 07:50:08,-45.4167,167.7167,39.47,92,100,3.94
391,Saint-Augustin,CA,2021-09-25 07:50:08,51.226,-58.6502,47.64,83,71,6.69
392,Ukholovo,RU,2021-09-25 07:50:09,53.7929,40.4892,49.03,76,99,8.97
393,Buraydah,SA,2021-09-25 07:50:09,26.326,43.975,91.85,11,6,5.35
394,Sitka,US,2021-09-25 07:45:58,57.0531,-135.33,48.09,87,90,6.91
395,San Rafael,AR,2021-09-25 07:50:10,-34.6177,-68.3301,58.73,44,0,8.19
396,Sydney,AU,2021-09-25 07:45:24,-33.8679,151.2073,60.71,72,75,5.99
397,Vryburg,ZA,2021-09-25 07:50:10,-26.9566,24.7284,84.29,17,8,10.42
398,Yar-Sale,RU,2021-09-25 07:50:11,66.8333,70.8333,41.72,56,16,8.41
399,Encheng,CN,2021-09-25 07:50:11,22.1839,112.3026,90.97,61,33,6.31
400,Grand-Lahou,CI,2021-09-25 07:50:12,5.1367,-5.0242,77.74,89,94,8.63
401,Kambove,CD,2021-09-25 07:50:12,-10.8764,26.5969,79.3,28,33,9.26
402,Skelleftea,SE,2021-09-25 07:50:13,64.7507,20.9528,45.0,69,90,1.01
403,Qui Nhon,VN,2021-09-25 07:50:13,13.7667,109.2333,81.1,83,100,5.99
404,Olafsvik,IS,2021-09-25 07:50:14,64.8945,-23.7142,40.06,77,90,20.11
405,Broager,DK,2021-09-25 07:50:14,54.8874,9.681,62.74,93,75,4.61
406,Albury,AU,2021-09-25 07:50:02,-36.0833,146.9167,57.25,66,10,14.97
407,Totness,SR,2021-09-25 07:50:15,5.8833,-56.3167,78.04,90,96,8.86
408,Onega,RU,2021-09-25 07:50:15,63.9061,38.1404,46.85,84,100,11.12
409,Ngunguru,NZ,2021-09-25 07:50:15,-35.6167,174.5,57.16,85,15,5.26
410,Kamenka,RU,2021-09-25 07:50:16,51.3223,42.7678,56.21,52,100,7.2
411,Tiznit,MA,2021-09-25 07:50:16,29.5833,-9.5,66.85,60,0,1.01
412,Walvis Bay,NA,2021-09-25 07:50:16,-22.9575,14.5053,55.09,93,90,1.14
413,Padang,ID,2021-09-25 07:46:30,-0.9492,100.3543,87.85,79,81,2.91
414,Inirida,CO,2021-09-25 07:50:17,3.8653,-67.9239,70.3,98,100,2.53
415,Vila Franca Do Campo,PT,2021-09-25 07:46:23,37.7167,-25.4333,71.2,81,100,10.74
416,Nome,US,2021-09-25 07:50:18,64.5011,-165.4064,42.87,82,90,13.8
417,Makat,KZ,2021-09-25 07:50:18,47.6469,53.3463,66.97,41,100,12.77
418,Auki,SB,2021-09-25 07:50:18,-8.7676,160.7034,79.65,84,42,2.37
419,Verkhnetulomskiy,RU,2021-09-25 07:50:19,68.6073,31.7962,46.53,92,100,4.41
420,Znamenskoye,RU,2021-09-25 07:50:19,57.1281,73.8282,38.95,91,96,8.99
421,Imamoglu,TR,2021-09-25 07:50:20,37.2651,35.6572,78.51,20,0,1.16
422,Burgeo,CA,2021-09-25 07:50:20,47.6167,-57.6152,54.23,77,93,10.25
423,Huambo,AO,2021-09-25 07:50:20,-12.7761,15.7392,79.34,28,5,3.29
424,Granja,BR,2021-09-25 07:50:21,-3.1203,-40.8261,76.01,79,10,7.9
425,Limulunga,ZM,2021-09-25 07:50:22,-15.0969,23.1376,88.59,15,0,10.13
426,Portland,US,2021-09-25 07:49:19,45.5234,-122.6762,67.98,68,1,3.44
427,Aklavik,CA,2021-09-25 07:50:22,68.2191,-135.0107,34.63,97,100,16.98
428,Dingle,PH,2021-09-25 07:50:23,10.9995,122.6711,85.69,77,80,6.93
429,Maamba,ZM,2021-09-25 07:50:23,-17.3667,27.15,83.28,31,0,9.89
430,Peniche,PT,2021-09-25 07:50:23,39.3558,-9.3811,66.29,93,10,8.34
431,Mehamn,NO,2021-09-25 07:50:24,71.0357,27.8492,45.84,91,100,10.29
432,Terra Santa,BR,2021-09-25 07:50:24,-2.1042,-56.4869,73.54,79,69,1.01
433,Teahupoo,PF,2021-09-25 07:50:25,-17.8333,-149.2667,73.36,69,38,2.91
434,Mana,GF,2021-09-25 07:50:25,5.6592,-53.7767,78.15,89,100,5.57
435,Semey,KZ,2021-09-25 07:50:25,50.4111,80.2275,53.82,35,0,8.95
436,Los Llanos De Aridane,ES,2021-09-25 07:50:26,28.6585,-17.9182,66.13,69,20,8.05
437,Shitkino,RU,2021-09-25 07:50:26,56.3703,98.3543,48.2,44,98,3.06
438,Chenzhou,CN,2021-09-25 07:50:27,25.8,113.0333,97.36,35,33,2.13
439,Kijang,KR,2021-09-25 07:50:27,35.2442,129.2139,78.53,75,100,18.48
440,Adre,TD,2021-09-25 07:50:28,13.4667,22.2,85.01,22,100,7.34
441,Mecca,SA,2021-09-25 07:49:05,21.4267,39.8261,98.2,26,42,6.51
442,Minna,NG,2021-09-25 07:50:28,9.6139,6.5569,73.11,94,20,4.61
443,Iasmos,GR,2021-09-25 07:50:29,41.1333,25.1833,70.92,58,0,3.91
444,La Rioja,ES,2021-09-25 07:50:29,42.25,-2.5,56.48,70,31,6.71
445,Tambun,ID,2021-09-25 07:50:29,-6.2641,107.0712,93.24,46,40,9.22
446,Lobito,AO,2021-09-25 07:50:30,-12.3481,13.5456,75.29,77,2,6.33
447,Naryan-Mar,RU,2021-09-25 07:50:30,67.6713,53.087,50.34,63,30,17.9
448,Matara,LK,2021-09-25 07:50:30,5.9485,80.5353,86.79,65,85,15.66
449,Catuday,PH,2021-09-25 07:50:31,16.2923,119.8062,83.73,68,10,8.75
450,Anadyr,RU,2021-09-25 07:50:31,64.75,177.4833,23.5,86,40,6.71
451,San Luis Obispo,US,2021-09-25 07:45:44,35.3666,-120.5343,63.66,80,90,5.75
452,Cap-Haitien,HT,2021-09-25 07:50:32,19.7578,-72.2042,79.56,81,10,2.42
453,Oyotun,PE,2021-09-25 07:50:33,-6.8519,-79.3036,71.6,71,88,1.12
454,Picayune,US,2021-09-25 07:50:33,30.5255,-89.6795,63.79,89,60,3.38
455,Marion,US,2021-09-25 07:50:33,39.7684,-86.1555,63.55,77,75,9.22
456,Salalah,OM,2021-09-25 07:50:34,17.0151,54.0924,85.77,68,39,8.39
457,Ca Mau,VN,2021-09-25 07:50:34,9.1769,105.15,84.47,68,100,7.31
458,Tallahassee,US,2021-09-25 07:49:43,30.4383,-84.2807,66.04,90,20,0.0
459,Constitucion,CL,2021-09-25 07:46:22,-35.3333,-72.4167,54.27,92,97,2.64
460,North Platte,US,2021-09-25 07:50:35,41.1239,-100.7654,50.38,81,1,1.01
461,Turukhansk,RU,2021-09-25 07:50:35,65.8167,87.9833,42.49,63,7,14.03
462,Turochak,RU,2021-09-25 07:50:35,52.2576,87.1224,46.58,47,100,6.91
463,Urusha,RU,2021-09-25 07:50:36,54.05,122.9,59.16,60,100,1.81
464,Baykit,RU,2021-09-25 07:50:36,61.67,96.37,42.48,59,99,5.21
465,Acobamba,PE,2021-09-25 07:50:37,-11.3525,-75.6594,50.0,78,99,1.59
466,Chernyshevskiy,RU,2021-09-25 07:50:37,63.0128,112.4714,43.83,65,100,8.77
467,Kalmunai,LK,2021-09-25 07:50:37,7.4167,81.8167,87.84,63,77,11.48
468,Aliwal North,ZA,2021-09-25 07:50:38,-30.6937,26.7114,80.26,20,48,15.79
469,Myaundzha,RU,2021-09-25 07:50:38,63.0494,147.1858,40.8,62,100,4.7
470,Marshall,US,2021-09-25 07:50:39,34.3834,-86.3333,57.33,83,1,0.0
471,Lerwick,GB,2021-09-25 07:50:39,60.1545,-1.1494,53.6,90,98,13.2
472,Masallatah,LY,2021-09-25 07:50:39,32.6167,14.0,78.24,59,0,18.75
473,Bulungu,CD,2021-09-25 07:50:40,-4.55,18.6,85.53,53,46,3.13
474,Ananas,HT,2021-09-25 07:50:40,19.2466,-71.9557,70.57,92,85,1.14
475,Krasnoselkup,RU,2021-09-25 07:50:41,65.7,82.4667,43.39,54,7,14.7
476,Liaocheng,CN,2021-09-25 07:50:41,36.4439,115.9647,64.45,94,100,11.12
477,Magadan,RU,2021-09-25 07:50:41,59.5667,150.8,43.68,86,66,4.18
478,Meadow Lake,US,2021-09-25 07:50:42,34.8014,-106.5436,67.15,46,3,3.78
479,Rodionovo-Nesvetayskaya,RU,2021-09-25 07:50:42,47.6103,39.7121,56.55,60,96,11.79
480,Vardo,NO,2021-09-25 07:46:07,70.3705,31.1107,46.9,90,100,10.98
481,Thaba Nchu,ZA,2021-09-25 07:50:43,-29.2093,26.839,74.98,21,26,12.93
482,Farrukhnagar,IN,2021-09-25 07:50:43,17.0778,78.2011,87.51,62,75,10.94
483,Nuuk,GL,2021-09-25 07:50:43,64.1835,-51.7216,29.5,51,0,16.11
484,Zhangjiakou,CN,2021-09-25 07:49:11,40.81,114.8794,65.64,71,100,14.18
485,Churapcha,RU,2021-09-25 07:50:44,62.0025,132.4325,40.86,80,100,8.84
486,Bandarbeyla,SO,2021-09-25 07:50:44,9.4942,50.8122,84.94,53,100,26.82
487,Hovd,MN,2021-09-25 07:50:45,48.0056,91.6419,47.71,32,97,9.62
488,Mechanicsville,US,2021-09-25 07:50:45,37.6088,-77.3733,55.24,95,1,0.0
489,Iquique,CL,2021-09-25 07:48:39,-20.2208,-70.1431,55.44,70,12,5.77
490,Moron,AR,2021-09-25 07:50:46,-34.6534,-58.6198,57.97,88,0,4.85
491,Sisimiut,GL,2021-09-25 07:50:46,66.9395,-53.6735,28.27,79,61,6.42
492,Ixtapa,MX,2021-09-25 07:50:47,20.7,-105.2,79.23,91,100,3.36
493,Changji,CN,2021-09-25 07:50:47,44.0167,87.3167,61.59,29,0,6.71
494,Elat,IL,2021-09-25 07:48:49,29.5581,34.9482,78.64,44,0,16.11
495,Kefar Tavor,IL,2021-09-25 07:50:47,32.6866,35.4212,81.7,38,0,3.15
496,Magalia,US,2021-09-25 07:50:48,39.8121,-121.5783,71.15,30,0,6.2
497,Port Moresby,PG,2021-09-25 07:50:48,-9.4431,147.1797,78.24,89,56,13.78
498,Rocha,UY,2021-09-25 07:50:49,-34.4833,-54.3333,55.74,87,100,4.79
499,Ilhabela,BR,2021-09-25 07:50:49,-23.7781,-45.3581,66.38,84,97,0.69
500,La Ronge,CA,2021-09-25 07:46:19,55.1001,-105.2842,50.25,66,20,6.91
501,Progreso,MX,2021-09-25 07:50:49,21.2833,-89.6667,77.11,87,63,6.15
502,Yaan,NG,2021-09-25 07:50:50,7.3833,8.5667,72.41,95,100,3.11
503,Mitchell,US,2021-09-25 07:45:54,43.7094,-98.0298,39.18,75,1,0.0
504,Snasa,NO,2021-09-25 07:50:50,64.2457,12.3778,49.41,89,100,12.48
505,Manokwari,ID,2021-09-25 07:50:51,-0.8667,134.0833,81.73,80,40,2.57
506,Fairfield,US,2021-09-25 07:50:51,41.2668,-73.3162,59.88,90,1,0.0
507,Hervey Bay,AU,2021-09-25 07:50:52,-25.2986,152.8535,73.51,76,8,15.21
508,Marrakesh,MA,2021-09-25 07:48:06,31.6315,-8.0083,64.47,72,0,4.61
509,Shache,CN,2021-09-25 07:50:52,38.4167,77.2406,86.9,7,0,3.87
510,Richards Bay,ZA,2021-09-25 07:50:53,-28.783,32.0377,78.17,55,15,9.89
511,Kurmanayevka,RU,2021-09-25 07:50:53,52.5093,52.0675,62.01,49,35,12.91
512,Kabinda,CD,2021-09-25 07:50:53,-6.1333,24.4833,84.49,46,41,3.13
513,Jos,NG,2021-09-25 07:50:54,9.9167,8.9,74.05,62,62,1.57
514,Sur,OM,2021-09-25 07:50:54,22.5667,59.5289,94.32,43,26,5.82
515,Lasa,IT,2021-09-25 07:50:55,46.6166,10.7002,62.06,46,10,2.15
516,Dryden,CA,2021-09-25 07:50:55,49.7833,-92.7503,46.69,93,90,8.05
517,Port Augusta,AU,2021-09-25 07:50:55,-32.5,137.7667,60.94,53,0,18.7
518,Teya,RU,2021-09-25 07:50:56,60.3778,92.6267,41.07,76,100,8.72
519,Nanortalik,GL,2021-09-25 07:50:56,60.1432,-45.2371,36.27,53,0,5.12
520,Sengiley,RU,2021-09-25 07:50:56,53.9622,48.7944,51.87,68,93,5.88
521,Ardino,BG,2021-09-25 07:50:57,41.5833,25.1333,72.03,25,0,1.19
522,Banda Aceh,ID,2021-09-25 07:50:57,5.5577,95.3222,85.23,70,62,12.68
523,Jijiga,ET,2021-09-25 07:50:58,9.35,42.8,69.75,61,99,17.87
524,Kathmandu,NP,2021-09-25 07:49:59,27.7167,85.3167,77.22,78,75,8.05
525,Port Lincoln,AU,2021-09-25 07:46:32,-34.7333,135.8667,54.28,60,40,10.8
526,Luoyang,CN,2021-09-25 07:50:58,34.6836,112.4536,65.98,90,100,13.65
527,Coruripe,BR,2021-09-25 07:50:59,-10.1256,-36.1756,73.18,88,34,9.55
528,San Cristobal,VE,2021-09-25 07:50:59,7.7669,-72.225,64.42,99,98,4.41
529,Andra,RU,2021-09-25 07:51:00,62.5147,65.8878,45.68,55,53,8.88
530,Bubaque,GW,2021-09-25 07:51:00,11.2833,-15.8333,80.13,79,74,8.84
531,Palasa,IN,2021-09-25 07:51:00,18.7667,84.4167,86.49,71,78,6.29
532,Champerico,GT,2021-09-25 07:46:31,14.3,-91.9167,80.35,85,67,5.08
533,Vostok,RU,2021-09-25 07:51:01,46.4856,135.8833,54.3,70,65,2.39
534,Celestun,MX,2021-09-25 07:51:01,20.8667,-90.4,77.81,85,39,7.29
535,Mayo,US,2021-09-25 07:48:06,38.8876,-76.5119,58.95,93,19,3.22
536,Esso,RU,2021-09-25 07:51:02,55.9333,158.7,40.95,86,4,4.21
537,Cam Ranh,VN,2021-09-25 07:51:02,11.9214,109.1591,84.16,79,40,8.05
538,College,US,2021-09-25 07:46:18,64.8569,-147.8028,31.98,93,90,3.44
539,Kasongo-Lunda,CD,2021-09-25 07:51:03,-6.4667,16.8167,88.32,44,6,2.13
540,Deputatskiy,RU,2021-09-25 07:45:59,69.3,139.9,27.82,91,100,16.26
541,Ipixuna,BR,2021-09-25 07:51:03,-1.7625,-48.8043,75.15,98,40,3.4
542,Pangnirtung,CA,2021-09-25 07:51:04,66.1451,-65.7125,31.48,47,22,5.23
543,Caucaia,BR,2021-09-25 07:51:04,-3.7361,-38.6531,78.04,73,75,11.5
544,Kolyvan,RU,2021-09-25 07:51:04,55.3053,82.7391,42.42,82,100,8.21
545,Kamina,CD,2021-09-25 07:51:05,-8.7386,24.9906,84.65,34,25,5.23
546,Jabinyanah,TN,2021-09-25 07:51:05,35.035,10.9081,82.2,72,3,12.17
